ACC1701X,Accounting for Decision Makers
ACC2706,Managerial Accounting
AR2102,Design 4
AR2221,History and Theory of Southeas
AR2222,Hist & Theory Of Western Archi
AR2226,Hist & Theory Of Modern Archi
AR2327,Architectural Tectonics
AR2723,Strat for Sustainable Archi
AR3101,Design 5
AR3421,Introduction to Architectural
AR3721,Building Environmental System
AR4101,Design 7
AR4103,Architectural & Tech Design 1
AR4322,Design Simulation & Analysis
AR5011,Research Methodology
AR5221,CONTEMPORARY THEORIES
AR5321,Advanced Architectural Integra
AX1811,Department exchange module
AX2701,Special Exchange Module
BSE3701,Macroeconomic Principles in th
BSE3703,Econometrics for Business I
BSN3701,Technological Innovation
BSN3702,New Venture Creation
BSN3703,Entrepreneurial Strategy
BSN3761X,Topics in Innovation & Entrepr
BSP1702,Legal Environment of Business
BSP1702X,Legal Environment of Business
BSP1703,Managerial Economics
BSP1703X,Managerial Economics
BSP2701,Global Economy
BSP3701,Strategic Management
BT1101,Introduction to Business Analy
BT2101,Econometrics Modeling for Busi
BT2102,Data Management and Visualisat
BT3102,Computational Methods for Busi
BT3103,Application Systems Developmen
BT4012,Fraud Analytics
BT4013,Analytics for Capital Market T
BT4014,Analytics Driven Design of Ada
BT4015,Geospatial Analytics
BT4016,Risk Analytics for Financial S
BT4211,Data-Driven Marketing
BT4212,Search Engine Optimization & A
BT4221,Big Data Techniques & Technolo
BT4222,Mining Web Data for Business I
BT4240,Machine Learning for Predictiv
BXT3041,Business Exchange Topic
CG2271,Real-Time Operating Systems
CM1111,Inorganic Chemistry 1
CM1121,Organic Chemistry 1
CM1131,Physical Chemistry 1
CM1401,Chemistry for Life Sciences
CM1417,Fundamentals of Chemistry
CM1991,Exchange Enrichment Level 1000
CM2101,Physical Chemistry 2
CM2121,Organic Chemistry 2
CM2991,Exchange Enrichment Module
CM3201,Principles of Chemical Process
CM3212,Transition Metal Chemistry
CM3221,Organic Synthesis: The Disconn
CM3222,Organic Reaction Mechanisms
CM3225,Biomolecules
CM3231,Quant Chem&Molecular Thermodyn
CM3242,Instrumental Analysis II
CM3251,Nanochemistry
CM3252,Polymer Chemistry 1
CM3253,Materials Chemistry 1
CM3261,Environmental Chemistry
CM3296,Molecular Modelg:Theory & Prac
CM3301,
CM3991,Exchange Enrichment Module
CM4211,Adv Coordination Chemistry
CM4212,Adv Organometallic Chemistry
CM4214,Structural Mtds in Inorg Chem
CM4225,Organic Spectroscopy
CM4227,Chemical Biology
CM4228,Catalysis
CM4238,Selected Topics in Physical Ch
CM4241,Trace Analysis
CM4242,Advanced Analytical Techniques
CM4269,Sustainable & Green Chemistry
CM4271,MEDICINAL CHEMISTRY
CM4274,The Art and Methodology in T.S
CM4282,Energy Resources
CM4991,Exchange Enrichment Module
COS2000,Computational Thinking for Sci
CS1010,Programming Methodology
CS1010E,Programming Methodology
CS1010J,Programming Methodology
CS1010S,Programming Methodology
CS1231,Discrete Structures
CS2010,Data Structures & AlgorithmsII
CS2030,Programming Methodology II
CS2040,Data Structures and Algorithms
CS2040C,Data Structures and Algorithms
CS2100,Computer Organisation
CS2102,Database Systems
CS2103,Software Engineering
CS2104,Programming Language Concepts
CS2105,Intro to Computer Networks
CS2106,Intro to Operating Systems
CS2107,Introduction to Information Security
CS2108,Introduction to Media Computin
CS2113,Software Engineering & Object-
CS2220,Intro to Computational Biology
CS2309,CS Research Methodology
CS3103,Computer Networks Practice
CS3210,Parallel Computing
CS3211,Parallel & Concurrent Programg
CS3216,Software Product Engineering
CS3217,SW Engg on Modern Appln Platfm
CS3218,Multimodal Processing in Mobil
CS3219,Software Engineering Principle
CS3220,Computer Architecture
CS3221,Operatg Sys Desgn & Pragmatics
CS3223,Database Systems Implementatio
CS3226,Web Programming and Applicatio
CS3230,Design & Analysis of Algorithm
CS3231,Theory of Computation
CS3233,Competitive Programming
CS3234,Logic for Proofs and Programs
CS3235,Computer Security
CS3236,Introduction to Information Th
CS3237,Introduction to Internet of Th
CS3238,
CS3240,Interaction Design
CS3241,Computer Graphics
CS3242,3D Modeling and Animation
CS3243,Introduction to Artificial Int
CS3244,Machine Learning
CS3245,Information Retrieval
CS3247,Game Development
CS3249,User Interface Development
CS4211,Formal Methods for Software En
CS4212,Compiler Design
CS4215,Programming Language Implement
CS4218,Software Testing
CS4222,Wireless Networking
CS4223,Multi-core Architectures
CS4225,Big Data Systems for Data Scie
CS4226,Internet Architecture
CS4231,Parallel & Distr Algorithms
CS4232,
CS4234,Optimisation Algorithms
CS4235,Computational Geometry
CS4236,Cryptography Theory & Practice
CS4239,Software Security
CS4240,Interaction Design for Virtual
CS4242,Social Media Computing
CS4243,Comp Vision & Pattern Recogntn
CS4244,Knowledge Representation and R
CS4246,AI Planning and Decision Makin
CS4247,Graphics Rendering Techniques
CS4248,Natural Language Processing
CS4249,Phenomena and Theories of Huma
CS4261,Algorithmic Mechanism Design
CS4268,Quantum Computing
CS4269,Fundamentals of Logic in Compu
CS4277,3D Computer Vision
CS4278,Intelligent Robots: Algorithms
CS4345,General-Purpose Computation on
CS4880,Digital Entrepreneurship
CS5223,Distributed Systems
CS5224,Cloud Computing
CS5228,Knowledge Discovery and Data M
CS5229,Advanced Computer Networks
CS5231,Systems Security
CS5232,Formal Specification & Design
CS5234,Algorithms at Scale
CS5239,Computer System Performance An
CS5241,Speech Processing
CS5242,Neural Networks &Deep Learning
CS5250,Advanced Operating Systems
CS5272,Embedded Software Design
CS5321,Network Security
CS5330,Randomized Algorithms
CS5339,Theory and Algorithms for Mach
CS5340,Uncertainty Modelling in AI
CS5343,Advanced Computer Animation
CS5346,Information Visualisation
DAO1704,Deci Analytics using Spreadsh
DAO1704X,Deci Analytics using Spreadsh
DAO2702,Programming for Biz Analytics
DAO2703,Operations and Technology Management
DBA3701,Introduction to Optimization
DBA3711,Stochastic Models in Mgt
DBA3761X,Topics in Business Analytics
DBA3761Y,Topics in Business Analytics
DBA3761Z,Topics in Business Analytics
DBA3803,Predictive Analytics in Biz
DBA4811,Analy. Tools for Consulting
DOS3701,Supply Chain Management
DOS3702,Purchasing and Materials Mgt
DOS3703,Service Operations Management
DOS3704,Operations Strategy
DOS3712,Physical Distribution Mgt
DOS3713,Project Management
DOS3714,Sustainable Operations Mgt
DOS3761X,Topics in Operations & SCM
DOS3761Y,Topics in Operations & SCM
DOS3761Z,Topics in Operations & SCM
DOS3811,Technology and Business Innova
DOS4712,Co-ordination and Flexibility
DOS4811,Data Visualisation
DSA2102,Essential Data Analytics Tools
DSA3102,Essential Data Analytics Tool
EG2401,
EG2401A,Engineering Professionalism
EN2273,
EN2274,
EN3741,Department Exchange Module
EN3742,Department Exchange Module
ENV2991,Exchange Enrichment Level 2000
ENV2992,Exchange Enrichment Level 2000
ENV2994,Exchange Enrichment Level 2000
ENV3991,Exchange Enrichment Level 3000
EU2741,Department Exchange Module
EX1000,Exchange UEM
EX1001,Exchange UEM
EX1002,Exchange UEM
EX1003,Exchange UEM
EX1004,Exchange UEM
EX1020,Exchange UEM
EX1021,Exchange UEM
EX1022,Exchange UEM
EX1023,Exchange UEM
EX1030,Exchange UEM
EX1031,Exchange UEM
EX1040,Exchange UEM
EX1041,Exchange UEM
EX1042,Exchange UEM
EX1043,Exchange UEM
EX1102,Exchange UEM
EX1103,Exchange UEM
EX1104,Exchange UEM
EX1105,Exchange UEM
EX2000,Exchange UEM
EX2001,Exchange UEM
EX2002,Exchange UEM
EX2003,Exchange UEM
EX2004,Exchange UEM
EX2005,Exchange UEM
EX2006,Exchange UEM
EX2010,Exchange UEM
EX2011,Exchange UEM
EX2012,Exchange UEM
EX2013,Exchange UEM
EX2014,Exchange UEM
EX2020,Exchange UEM
EX2021,Exchange UEM
EX2023,Exchange UEM
EX2030,Exchange UEM
EX2040,Exchange UEM
EX2041,Exchange UEM
EX2043,Exchange UEM
EX2050,Exchange UEM
EX2051,Exchange UEM
EX2052,Exchange UEM
EX2053,Exchange UEM
EX2100,Exchange UEM
EX2101,Exchange UEM
EX3000,Exchange UEM
EX3101,Exchange UEM
EX3610,Unrestricted Elective Outside
EX3612,Exchange UEM
EX3613,Exchange UEM Module
EX3614,Exchange UEM Module
EX3618,Exchange UEM
EX3619,Exchange UEM
EX3881,Exchange ULR Breadth
EX3882,Exchange ULR Breadth
EX3883,Exchange ULR Breadth
EX3884,Exchange ULR Breadth
EX3885,Exchange UEM
EX3886,Exchange UEM
EX3888,Exchange UEM
EX4042,Exchange UEM
EX4043,Exchange UEM
EX4044,Exchange UEM
EX4045,Exchange UEM
EX4047,Exchange UEM
EX4048,Exchange UEM
EX4049,Exchange UEM
EX4873,Exchange UEM
EX4874,Unrestricted Elective Outside
EX4875,Unrestricted Elective Outside
EX4876,Exchange UEM
EX4878,Exchange UEM
EX4881,Exchange UEM 2
EX4882,Exchange UEM 3
EX4883,Exchange UEM 4
EX4884,Exchange UEM 5
EX4885,Exchange UEM 6
EX4886,Exchange UEM 7
EX4888,Exchange UEM
EX4889,Exchange UEM
EX4890,UEM Exchange Module
EX4892,Exchange UEM
EX4893,Exchange UEM
FIN2704,Finance
FIN2704X,Finance
FIN3115,International Financial Mgmt
FIN3701,Corporate Finance
FIN3702,Inv. Analysis & Portfolio Mgt
FIN3703,Financial Markets
FIN3711,International Financial Mgt
FIN3712,Options and Futures
FIN3713,Bank Management
FIN3714,Financial Risk Management
FIN3715,Risk and Insurance
FIN3716,Financial Modelling
FIN3717,Fixed Income Securities
FIN3719,Household Finance
FIN3720,Financial Statement Analysis
FIN3761B,TIF: China’s Capital Markets
FIN3761X,Topics in Finance
FIN3761Y,Topics in Finance
FIN3761Z,Topics in Finance
FIN4711,Research Methods in Finance
FIN4713,Adv Portfo Mgt: Sec. Ana.&Valn
FIN4717,Entrepreneurial Finance
FIN4718,FinTech Management
FST1991,Exchange Enrichment Level 1000
FST2108,Food Safety Assurance
FST2201,Intro to Human Nutrition
FST2991,Exchange Enrichment Module
FST3101,Food Enzymology & Fermentation
FST3103,Advanced Food Engineering
FST3105,Food Product Development and P
FST3106,Sensory and Flavour Science
FST3202,Nutrition & Disease Prevention
FST3991,Exchange Enrichment Module
FST4103,FOOD COLLOIDS & COMPONENTS SCI
FST4201,Current Topics (Food Sci&Tech)
GL1711,Global Studies Exchange Dummy
GL1741,Global Studies Exchange Dummy
GL2102,Global Political Economy
GL2103,Global Governance
GL2741,Department exchange module
GL2742,Department exchange module
GL2842,Department exchange module
GL3101,Inquiry and Method
GL3741,Department exchange module
GL3742,Department exchange module
GL3743,Department exchange module
GL3744,Department exchange module
GL3745,Department exchange module
GL3841,Department exchange module
GL3842,Department exchange module
GL4751,Department exchange module
GL4752,Department exchange module
GL4880A,"Globalization, Culture, and Id"
GL4881A,"Colonial, Anticolonial and Pos"
GL4882A,Development and the Globalisat
GL4883A,Conflict and Natural Resources
GL4885A,International Law and World Po
GL4886,Topics in Population and Migra
GL4886A,Citizenship and the Politics
GL4887,Topics in Religion and Ethnici
GL4889,Topics in War and Security
GL4889A,International Law's Regulation
GL4889B,Debates on Human Rights
HY2207,"Strug for Mod China, 1800-1950"
HY2220,Korea in the Twentieth Century
HY2237,U.S.: Fr Settlement to S'power
HY2246,
HY2250,Intro to Southeast Asia Hist
HY2251,From the Wheel to the Web
HY2711,Department Exchange Module
IE2100,Probability Models With Applns
IE2110,Operations Research I
IE2130,Quality Engineering I
IE2140,Engineering Economy
IE2150,
IE3004,Department Exchange Module
IE3014,Department Exchange Module
IE3015,Exchange Elective
IE3101,Statistics For Engineering App
IE3105,Fundamentals of Systems Engine
IE3110,Simulation
IE3110R,Simulation
IE3112,Department Exchange Module
IE3114,Department Exchange Module
IE3120,Manufacturing Logistics
IE3250,Human Factors Engineering
IE3704,Exchange Elective
IE3714,Exchange Elective
IE3911,IE3 Technical Elective
IE3991,IE3 Technical Elective
IE3993,IE3 Technical Elective
IE3998,IE3 Technical Elective
IE3999,IE3 Technical Elective
IE4002,Department Exchange Module
IE4003,Department Exchange Module
IE4004,Department Exchange Module
IE4005,Department Exchange Module
IE4006,Department Exchange Module
IE4010,Exchange Elective
IE4012,Department Exchange Module
IE4013,Department Exchange Module
IE4014,Department Exchange Module
IE4015,Department Exchange Module
IE4017,Department Exchange Module
IE4044,Exchange Elective
IE4054,Exchange Elective
IE4055,Exchange Elective
IE4056,Exchange Elective
IE4063,Exchange Elective
IE4064,Exchange Elective
IE4065,Exchange Elective
IE4066,Exchange Elective
IE4067,Exchange Elective
IE4068,Exchange Elective
IE4111,Department Exchange Module
IE4112,Department Exchange Module
IE4113,Department Exchange Module
IE4114,Department Exchange Module
IE4115,Department Exchange Module
IE4119,Exchange Elective
IE4120,Exchange Elective
IE4121,Department Exchange Module
IE4122,Department Exchange Module
IE4123,Department Exchange Module
IE4124,Department Exchange Module
IE4125,Department Exchange Module
IE4131,Exchange Elective
IE4210,Operations Research II
IE4211,Modelling & Analytics
IE4220,Supply Chain Modelling
IE4221,Transportation Demand Modeling
IE4230,Quality Engineering II
IE4240,Project Management
IE4241,"Work,Technology & Organization"
IE4242,Cost Analysis And Management
IE4243,Decision Modeling & Risk Analy
IE4502,Exchange Elective
IE4503,Exchange Elective
IE4504,Exchange Elective
IE4505,Exchange Elective
IE4506,Exchange Elective
IE4512,Exchange Elective
IE4513,Exchange Elective
IE4514,Exchange Elective
IE4515,Exchange Elective
IE4516,Exchange Elective
IE4517,Exchange Elective
IE4518,Exchange Elective
IE4519,Exchange Elective
IE4602,Exchange Elective
IE4603,Exchange Elective
IE4604,Exchange Elective
IE4606,Exchange Elective
IE4607,Exchange Elective
IE4608,Exchange Elective
IE4609,Exchange Elective
IE4702,Exchange Elective
IE4703,Exchange Elective
IE4704,Exchange Elective
IE4705,Exchange Elective
IE4706,Exchange Elective
IE4707,Exchange Elective
IE4708,Exchange Elective
IE4709,Exchange Elective
IE4710,Exchange Elective
IE4711,Exchange Elective
IE4714,Exchange Elective
IE4721,Exchange Elective
IE4722,Exchange Elective
IE4731,Exchange Elective
IE4732,Exchange Elective
IE4733,Exchange Elective
IE4734,Exchange Elective
IE4735,Exchange Elective
IE4800,Exchange Elective
IE4879,Technical Elective
IE4880,Technical Elective
IE4881,Exchange Elective
IE4882,Technical Elective
IE4884,Exchange Elective
IE4885,Exchange Elective
IE4887,Exchange Elective
IE4888,Exchange Elective
IE4892,Exchange Elective
IE4912,Exchange Technical Elective
IE4913,Exchange Technical Elective
IE4916,Exchange Elective
IE4984,Exchange Elective
IE4985,Exchange Elective
IE4986,Exchange Elective
IE4987,Exchange Elective
IE4988,Exchange Elective
IE4990,Exchange Elective 10
IE4991,Exchange Elective 1
IE4992,Exchange Elective 2
IE4993,Exchange Elective 3
IE4994,Exchange Elective
IE4995,Exchange Elective 5
IE4997,Exchange Elective
IE4998,Exchange Elective 8
IE4999,Exchange Elective
IE5108,
IE5213,
IE5301,Human Factors In Engineering A
IFS4101,Legal Aspects of Information S
IFS4102,Digital Forensics
IFS4103,Penetration Testing Practice
IS1103,Ethics in Computing
IS2102,Enterprise Systems Architectur
IS3101,Management of Information Syst
IS3103,Information Systems Leadership
IS3106,Enterprise Systems Interface D
IS3150,Digital Media Marketing
IS3221,ERP Systems with Analytics Sol
IS3223,IT and Supply Chain Management
IS3240,Digital Platform Strategy and
IS3251,Principles of Technology Entre
IS3261,Mobile Apps Development for En
IS4100,IT Project Management
IS4151,Pervasive Technology Solutions
IS4204,IT Governance
IS4228,Information Technologies in Fi
IS4231,Information Security Mgmt
IS4232,
IS4233,Legal Aspects of Information T
IS4234,Compliance and Regulation Tech
IS4240,Business Intelligence Systems
IS4241,Social Media Network Analysis
IS4242,Intelligent Systems and Techni
IS4243,Information Systems Consulting
IS4250,IT-enabled Healthcare Solution
IS4260,E-Commerce Business Models
IS4261,Designing IT-enabled Business
IS4302,Blockchain and Distributed Led
IS4303,IT-mediated financial solution
IT1001,Introduction to Computing
IT2002,Database Technology & Mgt
IT3010,Data Management for Business
IT3011,Introduction to Machine Learn
LA4301,Material and Design
LA4701,MLA Studio: Quarter
LA5301,Geo Design
LAC1201,Chinese 1
LAC1721,Department Exchange Module
LAC1731,Department exchange module
LAC2731,Department Exchange Module
LAC3731,Department Exchange Module
LAF1201,French 1
LAF2201,French 2
LAG1201,German 1
LAG2201,German 2
LAG3201,German 3
LAK1201,Korean 1
LAK1721,Department Exchange Module
LAS1201,Spanish 1
LAT4201,Thai 5
LSM1102,
LSM1105,
LSM1106,
LSM1301,General Biology
LSM1303,Animal Behaviour
LSM1306,
LSM1401,Fundamentals of Biochemistry
LSM1991,Exchange Enrichment Module
LSM1992,Exchange Enrichment Module
LSM1996,Exchange Enrichment Level 1000
LSM2191,Laboratory Techniques in Life
LSM2211,Metabolism and Regulation
LSM2212,Human Anatomy
LSM2231,General Physiology
LSM2232,"Genes, Genomes and Biomedical"
LSM2233,Cell Biology
LSM2234,Introduction to Quantitative B
LSM2241,Introductory Bioinformatics
LSM2251,Ecology and Environment
LSM2252,Biodiversity
LSM2253,Applied Data Analysis in Ecolo
LSM2254,Fundamentals of Plant Biology
LSM2291,Fundamental Techniques in Micr
LSM2991,Exchange Enrichment Level 2000
LSM2992,Exchange Enrichment Module
LSM2996,Exchange Enrichment Level 2000
LSM3201,Research and Communication in
LSM3211,Fundamental Pharmacology
LSM3212,Human Physio:Cardiopulmon Syst
LSM3214,Human Physio-Hormones & Hlth
LSM3215,Neuronal Signaling and Memory
LSM3216,Neuronal Development and Disea
LSM3217,Human Ageing
LSM3218,Cardiopulmonary Pharmacology
LSM3219,Neuropharmacology
LSM3222,Human Neuroanatomy
LSM3223,Immunology
LSM3224,Molecular Basis Human Diseases
LSM3225,Molecular Microbiology in HD
LSM3226,Medical Mycology and Drug Disc
LSM3231,Protein Structure and Function
LSM3232,Microbiology
LSM3233,Developmental Biology
LSM3234,Biological Imaging of Growth a
LSM3241,Genomic Data Analysis
LSM3242,Translational Microbiology
LSM3243,Molecular Biophysics
LSM3244,Molecular Biotechnology
LSM3245,RNA Biology and Technology
LSM3246,Synthetic Biology
LSM3252,Evolutn & Comparative Genomics
LSM3254,Ecology of Aquatic Environment
LSM3255,Ecology of Terrestrial Env
LSM3256,Tropical Horticulture
LSM3257,
LSM3258,Comparative Botany
LSM3259,Fungal Biology
LSM3261,
LSM3262,Comparative Animal Physiology
LSM3264,Environmental Biochemistry
LSM3265,Entomology
LSM3266,Avian Biology and Evolution
LSM3267,Behavioural Biology
LSM3272,Global Change Biology
LSM3991,Exchange Enrichment Module
LSM3992,Exchange Enrichment Module
LSM3993,Exchange Enrichment Module
LSM3994,Exchange Enrichment Level 3000
LSM4210,Topics in Biomedical Science
LSM4211,Toxicology
LSM4213,Systems Neurobiology
LSM4214,Cancer Pharmacology
LSM4221,Drug Discovery&Clinical Trials
LSM4222,Advanced Immunology
LSM4223,Advances in Antimicrobial Stra
LSM4227,Stem Cell Biology
LSM4228,Experimental Models for Human
LSM4229,Therapeutic and diagnostic age
LSM4231,Structural Biology
LSM4232,Advanced Cell Biology
LSM4234,Mechanobiology
LSM4235,Nuclear Mechanics and Genome R
LSM4241,Functional Genomics
LSM4242,Protein Engineering
LSM4243,Tumour Biology
LSM4244,Oncogenes & Signal Transductn
LSM4245,Advanced Epigenetics and Chrom
LSM4252,Reproductive Biology
LSM4253,
LSM4254,Principles of Taxonomy & Sys
LSM4255,Methods in Mathematical Biolog
LSM4256,Evolution of Development
LSM4257,Aquatic Vertebrate Diversity
LSM4259,Evolutionary Genetics of Repro
LSM4261,Marine Biology
LSM4262,Tropical Conservation Biology
LSM4263,Field Studies in Biodiversity
LSM4264,Freshwater Biology
LSM4265,Urban Ecology
LSM4267,Light & Vision in Animal Commu
MA1100,Basic Discrete Mathematics
MA1101R,
MA1102R,
MA1311,Matrix Algebra
MA1312,Calculus with Applications
MA1521,Calculus for Computing
MA1991,Exchange Enrichment Level 1000
MA1994,Exchange Enrichment Level 1000
MA2101,Linear Algebra II
MA2104,Multivariable Calculus
MA2108,Mathematical Analysis I
MA2202,Algebra I
MA2213,Numerical Analysis I
MA2214,Combinatorics and Graphs I
MA2216,Probability
MA2219,Introduction to Geometry
MA2311,Techniques In Adv Calculus
MA2312,Intro to Differential Equation
MA2991,Exchange Enrichment Module
MA2993,Exchange Enrichment Module
MA3110,
MA3111,Complex Analysis I
MA3201,Algebra II
MA3218,Applied Algebra
MA3220,Ordinary Differential Equation
MA3227,Numerical Analysis II
MA3233,Combinatorics and Graphs II
MA3236,Non-Linear Programming
MA3238,Stochastic Processes I
MA3252,Linear & Network Optimisation
MA3259,Math'Cal Methods In Genomics
MA3264,Mathematical Modelling
MA3265,Introduction to Number Theory
MA3269,Mathematical Finance I
MA3991,Exchange Enrichment Module
MA4201,Commutative Algebra
MA4207,Mathematical Logic
MA4211,Functional Analysis
MA4221,Partial Differential Equation
MA4229,Fourier Analysis and Approxima
MA4230,Matrix Computation
MA4233,Dynamical Systems
MA4235,Topics in Graph Theory
MA4247,Complex Analysis II
MA4254,Discrete Optimization
MA4255,Numerical Methods in Diff Eq.
MA4260,Stochastic Operations Research
MA4262,Measure and Integration
MA4264,Game Theory
MA4266,Topology
MA4268,Mathematics for Visual Data Pr
MA4269,Mathematical Finance II
MA4270,Data Modelling and Computation
MA4271,Differential Geometry of Curve
MA4272,Mathematical Tools for Data Sc
MA4291,Undergrad Topics in Maths I
MA4991,Exchange Enrichment Module
MA4992,Exchange Enrichment Module
ME2112,Strength of Materials
ME2114,Mechanics of Materials
ME2121,Engineering Thermodynamics and
ME2134,Fluid Mechanics I
ME2135,Intermediate Fluid Mechanics
ME2142,Feedback Control Systems
ME2143,Sensors & Actuators
ME3102,Mechanical Systems Design II
ME3103,Mechanical Systems Design
ME3112,
ME3122,Heat Transfer
ME3162,
ME3211,Mechanics Of Solids
ME3221,Sustainable EnergyConversion
ME3242,Automation
ME3261,Computer-Aided Design And Mfg
ME3291,Numerical Mtds In Engineering
ME3661,Technical Elective
ME3662,Technical Elective
ME3663,Exchange Technical Elective
ME4212,Aircraft Structures
ME4213,
ME4223,Thermal Environmental Engrg
ME4225,Applied Heat Transfer
ME4227,Internal Combustion Engines
ME4231,Aerodynamics
ME4233,Comp Mtds In Fluid Mechanics
ME4241,"Aircraft Performance, Stabilit"
ME4245,Robot Mechanics and Control
ME4253,Biomaterials Engineering
ME4255,Materials Failure
ME4262,Automation In Manufacturing
ME4263,Fundamentals of Product Develo
ME4264,Automobile Design & Engineerin
ME4291,Finite Element Analysis
ME4661,Exchange Elective
ME4662,Exchange Technical Elective
ME4663,Exchange Technical Elective
ME4991,OOGT Exchange Elective 1
ME5304,Experimental Fluid Mechanics
MKT1705,Principles of Marketing
MKT1705X,Principles of Marketing
MKT3701,Marketing Strategy: Analysis a
MKT3702,Consumer Behaviour
MKT3711,Services Marketing
MKT3712,
MKT3714,Digital Marketing
MKT3715,Business-to-Business Mkting
MKT3716,Customer Relationship Mgt
MKT3717,Product & Brand Management
MKT3718,Advertising & Promotion Mgt
MKT3719,Branding Strategy
MKT3720,Retail Marketing
MKT3722,Research for Marketing Insight
MKT3761X,Topics in Marketing
MKT3761Y,Topics in Marketing
MKT3761Z,Topics in Marketing
MKT3811,Mkting Analysis & Deci Making
MKT3812,Game Theory & Strat. Analysis
MKT4712,
MKT4714,Consumer Decision Making
MKT4761C,SIM: Media Strategy for a Digi
MKT4811,Pricing Strategy
MNO1706,Organisational Behavior
MNO1706X,Organisational Behavior
MNO3313,Topics in Leadership and Human
MNO3313X,
MNO3320,Managing Change
MNO3701,Human Capital Management
MNO3702,Negotiation and Conflict Mgt
MNO3703,Leading in the 21st Century
MNO3712,Training and Development
MNO3714,Biz with a Social Conscience
MNO3716,Principles of Global Managemen
MNO3761B,TILHCM: Managing China Venture
MNO3761X,Topics in L&HCM
MNO3761Y,Topics in L&HCM
MNO3761Z,Topics in L&HCM
MNO3811,Social Entrepreneurship
MNO4761A,SILHCM:Compensation & Perf Mgt
MT2001,Experiencing Engineering Leade
MT3001,Systems Thinking & Engineering
MT4001,Innovation and Entrepreneurial
MT4002,Technology Management Strategy
MT4003,Engineering Product Developmnt
MT5001,IP Management
MT5006,Strategic & New Pdt Dev
MT5007,MANAGEMENT OF TECHNOLOGICAL IN
MT5911,Venture Funding
MT5920,Enterprise Development
NM3230,Digital Storytelling
P3263,
PC1141,Introduction to Classical Mech
PC1142,Introduction to Thermodynamics
PC1143,Introduction to Electricity &
PC1144,Introduction to Modern Physics
PC1221,Fundamentals of Physics I
PC1222,Fundamentals of Physics II
PC1322,Understanding the Universe
PC1326,Physics in the Life Sciences
PC1431,Physics IE
PC1432,Physics IIE
PC1991,Exchange Enrichment Level 1000
PC2020,Electromagnetics for Electrica
PC2130,Quantum Mechanics I
PC2130B,Applied Quantum Physics
PC2131,Electricity & Magnetism I
PC2132,Classical Mechanics
PC2133,Applied Solid State Physics
PC2134,MATHEMATICAL MTDS IN PHYSICS I
PC2230,Thermodynamics & Stat'cal Mech
PC2267,Biophysics I
PC2991,Exchange Enrichment Module
PC3130,Quantum Mechanics II
PC3193,Experimental Physics II
PC3231,Electricity & Magnetism II
PC3232,Nuclear & Particle Physics
PC3233,Atomic & Molecular Physics I
PC3235,Solid State Physics I
PC3236,Computational Mtds In Physics
PC3238,Fluid Dynamics
PC3240,"Atmosphere, Ocean and Climate"
PC3241,Solid State Devices
PC3243,Photonics
PC3246,Astrophysics I
PC3247,Modern Optics
PC3251,Nanophysics
PC3274,Math'cal Mtds In Physics II
PC3294,Radiation Laboratory
PC3991,Exchange Enrichment Module
PC4228,Device Physics for Quantum Tec
PC4230,Quantum Mechanics III
PC4240,Solid State Physics II
PC4241,Statistical Mechanics
PC4245,Particle Physics
PC4246,Quantum Optics
PC4248,General Relativity
PC4249,Astrophysics II
PC4253,Thin Film Technology
PC4259,Surface Physics
PC4264,Advanced Solid State Devices
PC4267,Biophysics III
PC4268,Biophy Instru &Biomo'lar Elec
PC4991,Exchange Enrichment Module
PF2102,Structural Systems
PF2104,
PF2105,
PF2106,
PF2108,Project Cost Management
PF2201,
PF2203,Quality and Productivity Mgmt
PF2204,
PF2401,
PF2502,Development Technology & Mgmt
PF2504,Materials Technology
PF3201,Measurement (Specialist Works)
PF3206,
PF3301,Maintainability of Facilities
PF3302,
PF3305,Facilities Planning and Desig
PF3501,
PF4103,
PF4202,"Safety, Health and Environment"
PF4206,Building Information Modelling
PF4207,
PF4301,
PF4305,Green Development
PF4307,
PR1991,Exchange Enrichment Level 1000
PR2115,Medicinal Chemistry for Drug D
PR2991,Exchange Enrichment Module
PR2994,Exchange Enrichment Level 2000
PS1721,Department exchange module
PS2203,Ancient Western Pol Thought
PS2204,Modern Western Pol Thought
PS2232,Islamic and Hindu Pol Thought
PS2233,Political Ideologies
PS2234,Intro to Comparative Politics
PS2236,European Politics
PS2237,Intro to International Relatns
PS2238,Int'l Politics of NE Asia
PS2239,Foreign Policy and Diplomacy
PS2240,Intro to Public Administration
PS2245,Southeast Asian Politics
PS2246,
PS2248,Chinese Politics
PS2250,Int'l Politics of SE Asia
PS2253,
PS2254,American Gvrnmnt and Politics
PS2255,Politics of the Middle East
PS2256,Politics on Screen
PS2257,Contemporary African Politics
PS2258,Introduction to Political Theo
PS2701,Political Science Exchange Mod
PS2702,Political Science Exchange Mod
PS2703,POLITICAL SCIENCE EXCHANGE MOD
PS2706,
PS2711,Department Exchange Module
PS2712,Department exchange module
PS2713,Department exchange module
PS2715,
PS2721,Department Exchange Module
PS2722,Department Exchange Module
PS2741,Department Exchange Module
PS2742,Department Exchange Module
PS2743,Department Exchange Module
PS2744,Department Exchange Module
PS2745,Department Exchange Module
PS2766,
PS2843,Department exchange module
PS3232,Democratic Theory
PS3233,Political and Int'l Ethics
PS3236,Ethnicity & Relgn in Asian Pol
PS3237,Women and Politics
PS3238,Int'l Political Economy
PS3239,Int'l Conflict Analysis
PS3240,International Security
PS3242,US Foreign Policy
PS3243,Public Sector Orgnl Behaviour
PS3245,Public Personnel Adm
PS3246,Public Ethics and Corruption
PS3251,International Organisations
PS3252,Human Rights in Int'l Politics
PS3257,Political Inquiry
PS3258,Research Methods in Pol Sci
PS3259,American Political Thought
PS3260,Politics and the Visual
PS3261,
PS3262,Managing Non-Profit Orgns
PS3263,Comp Study of Development
PS3264,
PS3265,Civil?Military Relations
PS3271,Public Policy-Making
PS3272,The Intl Relns of Sub-Saharan
PS3273,Sg Pol in Comparat Perspective
PS3701,Political Science Exchange Mod
PS3702,Political Science Exchange Mod
PS3703,Political Science Exchange Mod
PS3704,POLITICAL SCIENCE EXCHANGE MOD
PS3705,POLITICAL SCIENCE EXCHANGE MOD
PS3706,Political Science Exchange Mod
PS3710,
PS3711,Department Exchange Module
PS3713,Department exchange module
PS3721,Department Exchange Module
PS3722,Department Exchange Module
PS3731,Department Exchange Module
PS3732,Department Exchange Module
PS3741,Department Exchange Module
PS3742,Department Exchange Module
PS3743,Department Exchange Module
PS3744,Department Exchange Module
PS3745,Department Exchange Module
PS3746,Department Exchange Module
PS3747,Department exchange module
PS3749,Department exchange module
PS3751,
PS3755,
PS3766,
PS3777,
PS3785,
PS3787,
PS3788,
PS3799,
PS3843,Department exchange module
PS3880D,Politics of the United Nations
PS3880E,Topics in PS: Human Traffickin
PS3880G,Topics in PS: Research Design
PS3880H,The Politics of European Integ
PS4000,
PS4201,Contemp Issues in Pol Theory
PS4203,China's Foreign Policy
PS4206,Regional Security in Asia-Pac
PS4207,
PS4208,Theories of Int'l Relations
PS4209,Public Orgn Theory & Practice
PS4210,Public Policy Analysis
PS4213,International Political Theory
PS4214,
PS4215,Politics of Non-Violence
PS4216,The Study of War
PS4217,Major Political Thinkers
PS4218,European Foreign Policy
PS4220,Rhetoric and Politics
PS4221,Contemp Politics of NE Asia
PS4222,
PS4224,State and Society
PS4225,Contemporary Issues in Chinese
PS4226,Emerging Markets and Economic
PS4227,
PS4228,Comparative Democratic Politic
PS4231,Social Theory and Internationa
PS4701,POLITICAL SCIENCE EXCHANGE MOD
PS4702,
PS4711,Department exchange module
PS4746,Political Science Exchange Mod
PS4747,Political Science Exchange Mod
PS4749,Political Science Exchange Mod
PS4750,
PS4751,Department exchange module
PS4752,Department exchange module
PS4753,Department exchange module
PS4755,
PS4756,
PS4758,
PS4759,
PS4881,Topics in Comparative Politics
PS4881A,
PS4881E,
PS4881F,
PS4882,Topics in International Relati
PS4882A,"Tpc in IR:Glbn,Security &State"
PS4882D,Topics in IR: Politics of Glob
PS4882E,Topics in IR: Arms Control
PS4882F,The Politics of Int'l Trade
PS4882G,Topics in IR: Politics of Intl
PS4882H,Topics in IR: Food Politics
PS4883,Topics in Political Theory
PS4883A,Topics in PT: Orientalism and
PS4884,Topics in Public Administratn
QF3101,Inv Instru and Risk Mgmt
QF3991,Exchange Enrichment Module
QF4102,Financial Modelling and Comput
ST1131,Intro to Stats and Stat Comp
ST2131,Probability
ST2132,Mathematical Statistics
ST2137,Computer Aided Data Analysis
ST2334,Probability and Statistics
ST2991,Exchange Enrichment Module
ST3131,Regression Analysis
ST3232,Design & Analysis Of Experimts
ST3233,
ST3234,Actuarial Statistics
ST3235,Statistical Quality Control
ST3236,Stochastic Processes I
ST3239,Survey Methodology
ST3240,
ST3241,
ST3242,
ST3243,Stat'cal Mtds In Epidemiology
ST3246,Stats Models for Actuarial Sci
ST3247,Simulation
ST3248,Statistical Learning I
ST3991,Exchange Enrichment Module
ST4231,Computer Intensive Stats Mtds
ST4232,Nonparametric Statistics
ST4233,Linear Models
ST4234,Bayesian Statistics
ST4237,Probability Theory I
ST4238,Stochastic Processes II
ST4240,Data Mining
ST4242,Analysis of Longitudinal Data
ST4245,Statistical Mtds for Finance
ST4248,Statistical Learning II
ST4991,Exchange Enrichment Module
TR2201,Entrepreneurial Marketing
TR3001,New Product Development
TR3002,New Venture Creation
TR3002,
TR3003,Global Entrepreneurial Mktg
TR3008,Technological Innovation
TR3049,Top in Entrepreneurship (TIE)
TR4001,Gbl Entrepreneurial Leadershp
TS2711,Department Exchange Module
TS3741,Department Exchange Module
TS3742,Department Exchange Module
TS3743,Department Exchange Module
UD5221,Urban Design Theory and Disco
UD5628,Critique of Contemporary Urban Design
